Triplet,Amino acid,Fraction
TTT,F,0.44
TTC,F,0.56
TTA,L,0.07
TTG,L,0.13
CTT,L,0.13
CTC,L,0.20
CTA,L,0.08
CTG,L,0.39
ATT,I,0.34
ATC,I,0.50
ATA,I,0.16
ATG,M,1.00
GTT,V,0.17
GTC,V,0.25
GTA,V,0.12
GTG,V,0.46
TCT,S,0.20
TCC,S,0.22
TCA,S,0.14
TCG,S,0.05
CCT,P,0.31
CCC,P,0.30
CCA,P,0.29
CCG,P,0.10
ACT,T,0.25
ACC,T,0.35
ACA,T,0.29
ACG,T,0.10
GCT,A,0.29
GCC,A,0.38
GCA,A,0.23
GCG,A,0.09
TAT,Y,0.43
TAC,Y,0.57
TAA,*,0.28
TAG,*,0.23
CAT,H,0.41
CAC,H,0.59
CAA,Q,0.26
CAG,Q,0.74
AAT,N,0.43
AAC,N,0.57
AAA,K,0.39
AAG,K,0.61
GAT,D,0.45
GAC,D,0.55
GAA,E,0.41
GAG,E,0.59
TGT,C,0.48
TGC,C,0.52
TGA,*,0.49
TGG,W,1.00
CGT,R,0.08
CGC,R,0.17
CGA,R,0.12
CGG,R,0.19
AGT,S,0.15
AGC,S,0.24
AGA,R,0.22
AGG,R,0.22
GGT,G,0.18
GGC,G,0.33
GGA,G,0.26
GGG,G,0.23